wave(um),Re(n),Im(n),eps1,eps2
0.27,1.3985418140687573,1.6806096659714538,-0.8685296436579507,4.700805781978411
0.271,1.4022374952895675,1.684075893493862,-0.8698416218511899,4.722948725540747
0.272,1.4059182482549988,1.6874752813410157,-0.8709667043605357,4.744904583033144
0.273,1.4095832567315325,1.690807572740382,-0.8719052903783485,4.76666808977945
0.274,1.4132316879363693,1.6940725115326114,-0.87265787054293,4.788233909919674
0.275,1.4168626920002136,1.697269842636611,-0.8732250307416142,4.809596636577775
0.276,1.4204754014270953,1.7003993125433678,-0.8736074560384905,4.830750792142795
0.277,1.4240689305519407,1.7034606698399135,-0.8738059347280989,4.851690828672437
0.278,1.4276423749966878,1.7064536657648377,-0.8738213625160696,4.872411128428634
0.279,1.43119481112584,1.7093780547968165,-0.8736547468274201,4.89290600455517
0.28,1.4347252955024734,1.7122335952776457,-0.873307211242754,4.913169701907965
0.281,1.4382328643458244,1.7150200500713157,-0.8727800000622239,4.9331963980491755
0.282,1.4417165329917048,1.7177371872606813,-0.8720744829966154,4.952980204416785
0.283,1.44517529535714,1.7203847808833266,-0.8711921599843748,4.97251516768198
0.284,1.448608123410759,1.7229626117082233,-0.8701346661327811,4.991795271307099
0.285,1.452013966650624,1.7254704680548163,-0.8689037767808272,5.010814437317565
0.286,1.4553917515913493,1.7279081466561654,-0.8675014126806089,5.029566528301757
0.287,1.4587403812625304,1.7302754535677853,-0.8659296452932528,5.0480453496533375
0.288,1.4620587347206935,1.7325722051238057,-0.8641907021944921,5.066244652071107
0.289,1.4653456665771594,1.7347982289420603,-0.8622869725840494,5.0841581343319575
0.29,1.4686000065444316,1.73695336497969,-0.8602210128919636,5.10177944635309
0.291,1.471820559003922,1.7390374666407926,-0.8579955524738088,5.119102192560031
0.292,1.475006102598066,1.7410504019376027,-0.8556134993855513,5.136119935577559
0.293,1.4781553898500925,1.7429920547066033,-0.8530779462274674,5.152826200260907
0.294,1.481267146814985,1.7448623258808953,-0.8503921760450817,5.169214478085105
0.295,1.4843400727654004,1.7466611348200212,-0.8475596682735702,5.185278231910494
0.296,1.4873728399165942,1.7483884206983265,-0.8445841047104334,5.201010901142718
0.297,1.4903640931946571,1.7500441439527756,-0.8414693754994704,5.216405907305597
0.298,1.4933124500526476,1.751628287790962,-0.8382195851072556,5.231456660045291
0.299,1.496216500339497,1.7531408597598452,-0.8348390582713168,5.246156563584105
0.3,1.499074806226842,1.7545818933755066,-0.831332345897134,5.2604990236420255
0.301,1.5018859021992188,1.7559514498139517,-0.8277042308789577,5.274477454843707
0.302,1.504648295113371,1.757249619662671,-0.8239597338170279,5.288085288628116
0.303,1.507360464332669,1.7584765247323426,-0.8201041186015383,5.301315981677284
0.304,1.5100208619429494,1.7596323199276693,-0.8161428978311038,5.3141630248797025
0.305,1.5126279130563445,1.7607171951759246,-0.8120818380309835,5.3266199528427585
0.306,1.5151800162099236,1.7617313774113257,-0.8079269646337033,5.338680353967247
0.307,1.5176755438662155,1.762675132612819,-0.8036845666820058,5.350337881095227
0.308,1.5201128430229027,1.7635487678923358,-0.7993612012114037,5.361586262740712
0.309,1.522490235939171,1.7643526336299524,-0.7949636972668364,5.372419314910328
0.31,1.5248060209863492,1.7650871256517333,-0.7904991595052753,5.3828309535185035
0.311,1.5270584736306172,1.7657526874453546,-0.7859749713334214,5.392815207398927
0.312,1.52924584755562,1.766349812407821,-0.7813987975270376,5.402366231910618
0.313,1.5313663759328595,1.7668790461188184,-0.7767785862760057,5.411478323133366
0.314,1.5334182728477064,1.7673409886323717,-0.7721225705968053,5.420145932643218
0.315,1.5353997348887656,1.7677362967785955,-0.7674392690520109,5.428363682854207
0.316,1.537308942908167,1.768065686466385,-0.7627374857144242,5.436126382907682
0.317,1.5391440639600775,1.7683299349769217,-0.7580263093119419,5.443429045085278
0.318,1.540903253424394,1.7685298832368466,-0.7533151114878516,5.450266901715841
0.319,1.5425846573221145,1.768666438058938,-0.7486135441105071,5.456635422540543
0.32,1.544186414828328,1.7687405743370674,-0.7439315355658538,5.462530332493907
0.321,1.5457066609880816,1.76875333718113,-0.7392792859664601,5.467947629851542
0.322,1.5471435296395712,1.7687058439766075,-0.7346672612114129,5.472883604688211
0.323,1.5484951565481802,1.7685992863523539,-0.730106185832883,5.477334857582376
0.324,1.549759682753786,1.7684349320391706,-0.7256070345672705,5.481298318495477
0.325,1.5509352581325562,1.7682141266007645,-0.7211810225918054,5.484771265746378
0.326,1.5520200451730595,1.7679382950177551,-0.7168395943713013,5.487751344993276
0.327,1.5530122229650125,1.7676089431045494,-0.712594411064452,5.4902365881272654
0.328,1.5539099913972998,1.7672276587381603,-0.7084573364448024,5.49222543197377
0.329,1.5547115755600671,1.7667961128774086,-0.704440421298254,5.493716736690076
0.33,1.5554152303437485,1.7663160603504626,-0.7005558862666827,5.494709803739754
0.331,1.55601924522575,1.7657893403883362,-0.6968161031161628,5.495204393317469
0.332,1.556521949233294,1.7652178768818327,-0.6932335744181923,5.495200741091134
0.333,1.5569217160685815,1.764603678339472,-0.6898209116432579,5.4946995741224445
0.334,1.5572169693799849,1.7639488375242525,-0.6865908116781765,5.493702125821727
0.335,1.5574061881604595,1.7632555307476327,-0.6835560317916225,5.492210149789037
0.336,1.5574879122518126,1.7625260167999475,-0.6807293630861793,5.490225932390507
0.337,1.5574607479308602,1.7617626354975788,-0.6781236024900203,5.487752303917405
0.338,1.5573233735509486,1.760967805828613,-0.6757515233567322,5.4847926481752545
0.339,1.5570745452097636,1.7601440236804577,-0.6736258447578392,5.481350910351864
0.34,1.5567131024119274,1.7592938591349292,-0.6717591995689043,5.477431603016376
0.341,1.556237973692559,1.7584199533187166,-0.6701641014666757,5.473039810106567
0.342,1.5556481821658192,1.7575250147998152,-0.6688529109712724,5.468181188768574
0.343,1.5549428509605485,1.7566118155235508,-0.6678378006836265,5.4628619689223505
0.344,1.5541212085034117,1.7556831862851248,-0.667130719884184,5.457088950437117
0.345,1.5531825936086203,1.7547420117392016,-0.6667433586737403,5.450869497814203
0.346,1.5521264603322718,1.7537912249509036,-0.6666871118512034,5.44421153228969
0.347,1.550952382548712,1.752833801496626,-0.6669730427355871,5.437123521286216
0.348,1.5496600582061493,1.7518727531273222,-0.6676118471504178,5.429614465162107
0.349,1.5482493132189727,1.750911121011226,-0.6686138177977679,5.421693881226185
0.35,1.5467201049549983,1.7499519685774256,-0.6699888092560062,5.413371785008564
0.351,1.5450725252770998,1.7489983739860953,-0.6717462038398518,5.404658668800475
0.352,1.5433068031004415,1.7480534222555655,-0.6738948785632894,5.395565477500046
0.353,1.541423306428826,1.7471201970806467,-0.6764431734451422,5.386103581825266
0.354,1.5394225438364468,1.7462017723806713,-0.6793988613935209,5.376284748979931
0.355,1.5373051653646372,1.7453012036195052,-0.6827691198988988,5.3661211108827676
0.356,1.5350719628069591,1.7444215189432242,-0.686560504756176,5.355625130093744
0.357,1.5327238693601566,1.7435657101842426,-0.6907789260239117,5.344809563594564
0.358,1.5302619586230792,1.7427367237832538,-0.6954296264138469,5.333687424601861
0.359,1.5276874429305651,1.7419374516824904,-0.7005171622863595,5.322271942611617
0.36,1.525001671014454,1.741170722245324,-0.7060453874074262,5.310576521891126
0.361,1.5222061249892354,1.7404392912582267,-0.7120174396006953,5.298614698650393
0.362,1.5193024166653153,1.73974583307143,-0.7184357304043365,5.286400097137672
0.363,1.51629228319839,1.7390929319343609,-0.7253019378170649,5.273946384913868
0.364,1.5131775820888655,1.738483073581005,-0.7326170021913523,5.2612672275674495
0.365,1.5099602855505965,1.7379186371188058,-0.7403811253048485,5.2483762431352305
0.366,1.5066424742732984,1.7374018872725483,-0.7485937726138463,5.2352869564948215
0.367,1.5032263306078577,1.736934967031976,-0.7572536786656081,5.2220127539919154
0.368,1.4997141312081514,1.7365198907486046,-0.7663588556201253,5.208566838559435
0.369,1.4961082391670617,1.7361585377234698,-0.7759066048065311,5.194962185576642
0.37,1.4924110956878702,1.7358526463234227,-0.7858935312157609,5.181211499704457
0.371,1.4886252113352136,1.7356038086590313,-0.7963155608089258,5.167327172918505
0.372,1.4847531569122066,1.735413465852444,-0.8071679605012285,5.15332124394474
0.373,1.4807975540121217,1.7352829039185524,-0.8184453606637212,5.139205359283287
0.374,1.4767610652942427,1.7352132502777586,-0.8301417799705173,5.124990735985737
0.375,1.4726463845340292,1.7352054709135332,-0.8422506524071087,5.110688126328965
0.376,1.4684562264977228,1.7352603681829097,-0.8547648562463555,5.09630778450585
0.377,1.464193316690844,1.7353785792831484,-0.8676767447926648,5.081859435429676
0.378,1.459860381028827,1.7355605753731032,-0.8809781786917852,5.067352245725578
0.379,1.4554601354762866,1.7358066613433731,-0.8946605596033765,5.052794796958934
0.38,1.4509952756991675,1.7361169762252602,-0.9087148650362371,5.0381950611279525
0.381,1.4464684667713534,1.736491494224824,-0.9231316841512918,5.0235603784257545
0.382,1.4418823329742685,1.736930026365088,-0.9379012543453054,5.008897437256701
0.383,1.4372394477246242,1.737432222716656,-0.9530134984383576,4.994212256472506
0.384,1.4325423236618402,1.7379975751947474,-0.9684580623003574,4.979510169776255
0.385,1.4277934029228783,1.7386254208988983,-0.9842243527657786,4.964795812226919
0.386,1.422995047628278,1.7393149459704167,-1.0003015757014686,4.9500731087634975
0.387,1.4181495305992065,1.7400651899420179,-1.0166787741092014,4.935345264656583
0.388,1.4132590263213787,1.7408750505540054,-1.0333448661625595,4.920614757786269
0.389,1.4083256021677717,1.7417432890118247,-1.0502886830965115,4.905883332638506
0.39,1.4033512098883343,1.7426685356608307,-1.0674990068872123,4.891151995907917
0.391,1.398337677371283,1.743649296055637,-1.0849646076792037,4.876421013593024
0.392,1.393286700677288,1.7446839574034532,-1.1026742809367716,4.861689909470503
0.393,1.3881998363447972,1.7457707953633383,-1.120616884315821,4.846957464837825
0.394,1.3830784939621206,1.7469079811862602,-1.138781374271728,4.832221719419002
0.395,1.3779239289995937,1.7480935891842595,-1.1571568424374297,4.817479973335553
0.396,1.3727372358933574,1.7493256045208272,-1.1757325518240225,4.802728790054794
0.397,1.367519341370977,1.7506019313187564,-1.1944979729132497,4.787964000239572
0.398,1.3622709980083625,1.7519204010862548,-1.2134428197275238,4.773180706437966
0.399,1.356992778007313,1.7532787814669069,-1.232557085978077,4.75837328856811
0.4,1.351685067183499,1.7546747853241504,-1.2518310814054927,4.743535410172131
0.401,1.3463480591559471,1.756106080176228,-1.2712554684389312,4.728660025434445
0.402,1.3409817497310725,1.7575702980030516,-1.2908212993107266,4.713739386982989
0.403,1.335585931477173,1.7590650454520034,-1.3105200537713104,4.6987650545178985
0.404,1.3301601884890668,1.7605879144753571,-1.3303436775554172,4.683727904340229
0.405,1.3247038913473368,1.7621364934376267,-1.3502846217538784,4.66861813988395
0.406,1.319216192282507,1.763708378736683,-1.3703358832456223,4.653425303387522
0.407,1.3136960205615236,1.7653011869877708,-1.3904910463412494,4.638138288876737
0.408,1.3081420781222228,1.7669125678245268,-1.410744325782336,4.622745356668499
0.409,1.3025528354911642,1.7685402173755116,-1.4310906112285497,4.607234149645265
0.41,1.2969265280313527,1.7701818924785213,-1.4515255133473803,4.591591711592276
0.411,1.291261152579069,1.7718354256977187,-1.4720454115975907,4.575804507933722
0.412,1.2855544645433459,1.773498741210201,-1.4926475037668392,4.559858449249556
0.413,1.279803975557627,1.7751698716286433,-1.5133298572849467,4.543738918000919
0.414,1.2740069517907997,1.776846975824776,-1.534091462286367,4.527430798938447
0.415,1.2681604130441204,1.7785283578142153,-1.5549322863370953,4.5109185137127135
0.416,1.262261132781421,1.7802124867560418,-1.5758533306714941,4.494186060248624
0.417,1.2563056392622043,1.7818980181100805,-1.596856687702617,4.47721705748368
0.418,1.2502902179705386,1.7835838159803032,-1.617945599474043,4.459994796101477
0.419,1.2442109155565753,1.7852689766536944,-1.6391245166119979,4.442502295914087
0.42,1.238063545531499,1.7869528533194736,-1.6603991572125825,4.4247223705566725
0.421,1.2318436959799028,1.7886350819232322,-1.6817765649611003,4.406637700151261
0.422,1.225546739575045,1.7903156080736335,-1.7032651656290407,4.388230912569911
0.423,1.2191678462008715,1.7919947148753455,-1.724874820931099,4.3694846738758395
0.424,1.2127019984985474,1.793673051510544,-1.746616878552775,4.350381788439649
0.425,1.2061440106628205,1.795351662332423,-1.7685042169820004,4.33090530911158
0.426,1.199488550812685,1.7970320161680526,-1.7905512836023014,4.31103865767483
0.427,1.1927301672493833,1.7987160354551668,-1.8127741243368107,4.290765755605177
0.428,1.1858633188902763,1.800406124759383,-1.8351904029816382,4.270071164915086
0.429,1.1788824101271895,1.802105198136746,-1.8578194082441892,4.2489402385643675
0.43,1.1717818303000742,1.8038167047240294,-1.8806820464200644,4.227359279574744
0.431,1.1645559978993656,1.8055446518593747,-1.903800817614604,4.205315707595913
0.432,1.1571994095116833,1.807293624962805,-1.927199773457008,4.1827982312423755
0.433,1.1497066934030864,1.8090688033450912,-1.9509044543805816,4.159797024065126
0.434,1.1420726674924062,1.8108759710700177,-1.9749418047655598,4.136303901555673
0.435,1.1342924013063396,1.8127215219754047,-1.999340064571526,4.112312496122329
0.436,1.1263612813317176,1.8146124579684861,-2.024128636531202,4.0878184265557636
0.437,1.1182750789941838,1.816556379757151,-2.0493379285369584,4.062819458140632
0.438,1.1100300203040063,1.8185614692648049,-2.074999171518453,4.03731564930419
0.439,1.1016228560281374,1.82063646310639,-2.1011442138689556,4.011309480552455
0.44,1.0930509310835352,1.8227906166771726,-2.1278052943037635,3.9848059614586298
0.441,1.0843122517117598,1.8250336586223697,-2.155014795892325,3.957812711661146
0.442,1.0754055489003387,1.8273757357093214,-2.182804984853546,3.930340012215286
0.443,1.066330336472971,1.8298273484061862,-2.2112077384926545,3.9024008242268264
0.444,1.0570869622868109,1.8323992777703775,-2.2402542673366432,3.8740107724696697
0.445,1.047676651056257,1.8351025045517695,-2.2699748370437227,3.8451880926274953
0.446,1.0381015374705371,1.8379481217040334,-2.3003984959766917,3.8159535418640855
0.447,1.0283646884838498,1.8409472417557105,-2.3315528144074724,3.7863302735666275
0.448,1.018470113924506,1.844110900704965,-2.363463641141481,3.756343678260819
0.449,1.008422764881413,1.8474499602549854,-2.396154882915074,3.726021193800779
0.45,0.9982285196670794,1.85097501029068,-2.429648311243854,3.6953920889264453
0.451,0.9878941575083233,1.8546962735063266,-2.4639634005191753,3.6644872250987186
0.452,0.9774273204605571,1.8586235140277303,-2.499117200114084,3.6333388021222186
0.453,0.9668364643610464,1.8627659517359723,-2.5351242421286537,3.601980093417094
0.454,0.9561307999152792,1.8671321838021868,-2.5719964852432917,3.5704451768926937
0.455,0.9453202252363282,1.871730114696844,-2.609743294022198,3.5387686672136778
0.456,0.9344152513217315,1.876566895657832,-2.6483714519762187,3.50698545485631
0.457,0.9234269220524933,1.8816488743054542,-2.687885205803641,3.4751304567668484
0.458,0.9123667303350036,1.8869815547948068,-2.7282863375136412,3.443238382701199
0.459,0.9012465319838392,1.8925695686111816,-2.769574260620217,3.4113435204979563
0.46,0.890078458868921,1.898416655853572,-2.8117461362797864,3.379479542666476
0.461,0.8788748327342526,1.9045256566239268,-2.854797005125139,3.347679335806893
0.462,0.8676480809479196,1.9108985119508464,-2.898719930603351,3.315974853560774
0.463,0.8564106552749806,1.9175362735284798,-2.9435061498289667,3.2843969930521393
0.464,0.8451749545863038,1.9244391214443972,-2.989145228285723,3.25297549414175
0.465,0.8339532522361334,1.9316063890017043,-3.03562521511698,3.2217388602961305
0.466,0.8227576286663981,1.9390365937069747,-3.0829327962059923,3.1907142994714413
0.467,0.811599909632019,1.9467274734918543,-3.131053442733277,3.1599276831283163
0.468,0.8004916102926799,1.9546760272570962,-3.179971553384616,3.1294035213190616
0.469,0.7894438852849937,1.9628785588682287,-3.229670588850748,3.0991649517110877
0.47,0.778467484775894,1.9713307237868258,-3.280133197692584,3.069233740415546
0.471,0.7675727164034907,1.9800275775861147,-3.3313413330345045,3.039630292563195
0.472,0.7567694129347949,1.988963625670423,-3.3832763598863607,3.010373670694535
0.473,0.7460669054096073,1.998132873591483,-3.4359191531794893,2.9814816191952076
0.474,0.7354740014947476,2.007528877428271,-3.4892501868337185,2.952970593196859
0.475,0.724998968741167,2.017144793768845,-3.5432496143530012,2.924855790568053
0.476,0.7146495224164072,2.02697342890081,-3.5978973415799085,2.897151185829423
0.477,0.7044328175747393,2.037007286880846,-3.6531730923293795,2.869869565035499
0.478,0.6943554450253787,2.047238616211913,-3.709056467672877,2.843022560865927
0.479,0.684423430863898,2.057659454909354,-3.76552699966235,2.8166206873571964
0.48,0.674642239241889,2.0682616737834603,-3.822564200272251,2.790673373878902
0.481,0.6650167780637183,2.07903701780652,-3.880147606303578,2.765188998113786
0.482,0.6555514073157095,2.0899771454667113,-3.9382568209395754,2.740174917936744
0.483,0.6462499497510958,2.101073666040075,-3.9968715525737872,2.715637502203499
0.484,0.6371157036728159,2.112318174735252,-4.05597165145036,2.6915821605546566
0.485,0.628151457574689,2.1237022856845424,-4.115537144568543,2.6680133724148885
0.486,0.6193595064191848,2.1352176627694757,-4.1755482692109265,2.644934715420856
0.487,0.6107416693462603,2.1468560482802244,-4.2359855053615245,2.6223488935455608
0.488,0.6022993086222677,2.1586092894166145,-4.29682960718884,2.6002577652024623
0.489,0.5940333496504807,2.170469362644682,-4.358061633682242,2.5786623716111294
0.49,0.585944301875327,2.1824283959276145,-4.419662978451015,2.557562965689391
0.491,0.5780322804209601,2.194478688853905,-4.4816153986253,2.536959041706843
0.492,0.5702970283116299,2.2066127306894336,-4.543901042739603,2.516849365893589
0.493,0.5627379391266687,2.2188232163841435,-4.606502477432746,2.4972320081488393
0.494,0.5553540799471953,2.231103060568676,-4.669402712764917,2.478104374938977
0.495,0.5481442144553074,2.2434454095817267,-4.732585225932496,2.4594632434170807
0.496,0.5411068260499848,2.255843651575163,-4.796033983154079,2.441304796737689
0.497,0.5342401408476231,2.268291424751165,-4.859733459506783,2.4236246604850367
0.498,0.5275421504393868,2.280782623793496,-4.923668656508131,2.4064179400816155
0.499,0.521010634282786,2.293311404563429,-4.987825117264936,2.3896792589990774
0.5,0.5146431816111888,2.3058721871393946,-5.052188939044127,2.373402797556338
0.501,0.5084372127525655,2.3184596572878555,-5.116746783159724,2.357582332061411
0.502,0.5023899997575633,2.3310687664608962,-5.181485882113119,2.342211274034305
0.503,0.49649868624707044,2.3436947304231084,-5.24639404396798,2.3272827092385113
0.504,0.49076030640047846,2.35633302661644,-5.3114596539851,2.312789436247703
0.505,0.4851718030177447,2.3689793903763534,-5.37667167358443,2.2987240042815458
0.506,0.47973004460081403,2.381629810115856,-5.442019636739789,2.285078750059016
0.507,0.47443184141267253,2.3942805215955776,-5.5074936439457725,2.271845833438167
0.508,0.46927396048499226,2.406928001398027,-5.573084353924632,2.2590172716365586
0.509,0.46425313955771064,2.4195689597225885,-5.638782973263858,2.2465849718551913
0.51,0.45936609994567035,2.4322003326146864,-5.704581244191695,2.234540762159541
0.511,0.4546095583384626,2.4448192737381937,-5.7704714307090565,2.222876420502962
0.512,0.4499802375496211,2.4574231457945324,-5.836446303301482,2.2115837018091224
0.513,0.4454748762402285,2.4700095116854373,-5.902499122455286,2.2006543630605133
0.514,0.4410902376497115,2.4825761255091083,-5.968623621197937,2.1900801863686263
0.515,0.43682311737307306,2.4951209234717338,-6.034813986874909,2.1798530000274052
0.516,0.43267035022903017,2.5076420147883236,-6.10106484236433,2.169964697574988
0.517,0.4286288162676079,2.5201376726386178,-6.167371226917419,2.1604072549089905
0.518,0.4246954459685943,2.532606325235772,-6.233728576797778,2.151172745517778
0.519,0.42086722468415555,2.545046547057591,-6.300132705876422,2.1422533539042408
0.52,0.4171411963798076,2.5574570502825456,-6.3665797863227205,2.1336413872896682
0.521,0.4135144667280266,2.5698366764656426,-6.433066329514617,2.12532928569363
0.522,0.40998420560812837,2.582184388482581,-6.499589167275033,2.1173096304914822
0.523,0.40654764906480884,2.5944992627644803,-6.5661454335253095,2.109575151554559
0.524,0.4032021007760209,2.6067804818399276,-6.632732546431409,2.1021187330795743
0.525,0.3999449330786847,2.6190273271961186,-6.699348191104733,2.0949334182133947
0.526,0.3967735875983671,2.6312391724664046,-6.76599030290601,2.0880124125777098
0.527,0.3936855755263996,2.643415476947742,-6.8326570513893055,2.0813490867951283
0.528,0.39067847758514546,2.655555779448182,-6.899346824912395,2.0749369781145
0.529,0.38774994371931487,2.6676596924616613,-6.966058215930314,2.0687697912285903
0.53,0.38489769254836853,2.679726896665034,-7.032790006980954,2.0628413983723424
0.531,0.38211951061223254,2.691757135730224,-7.0995411573640475,2.057145838784437
0.532,0.3794132514398372,2.7037502114428804,-7.16631079050927,2.0516773176093803
0.533,0.3767768344672957,2.7157059791175704,-7.233098182023727,2.046430204311652
0.534,0.37420824383006623,2.7276243432986504,-7.299902748405012,2.041399030667852
0.535,0.3717055270509965,2.7395052537352456,-7.366724036402754,2.0365784883972675
0.536,0.3692667936439415,2.7513487016182667,-7.433561713008444,2.0319634264859965
0.537,0.3668902136505085,2.763154716067181,-7.500415556051788,2.0275488482545945
0.538,0.3645740161255615,2.774923360854082,-7.5672854453797935,2.0233299082144276
0.539,0.36231648758530344,2.7866547313526624,-7.634171354594028,2.0193019087533277
0.54,0.36011597043009386,2.79834895169985,-7.701073343320841,2.0154602966868524
0.541,0.35797086135268064,2.8100061721580465,-7.7679915499887375,2.0118006597075326
0.542,0.35587960974111926,2.8216265666663105,-7.834926185087619,2.0083187227607584
0.543,0.35384071608441214,2.833210330569067,-7.901877524884154,2.0050103443726224
0.544,0.3518527303878175,2.844757678511461,-7.968845905568554,2.001871512951933
0.545,0.34991425060370246,2.856268842490835,-8.035831717808385,1.9988983430857727
0.546,0.3480239210829707,2.8677440700542816,-8.10283540168553,1.9960870718454513
0.547,0.3461804310512429,2.879183622632726,-8.169857441993685,1.9934340551173535
0.548,0.34438251311330687,2.890587774002459,-8.236898363874255,1.9909357639711307
0.549,0.34262894178862624,2.901956808865492,-8.303958728769597,1.9885887810757676
0.55,0.340918532080255,2.913291021540628,-8.37103913067348,1.9863897971724365
0.551,0.33925013807889587,2.924590714757561,-8.438140192659592,1.9843356076115155
0.552,0.3376226516034861,2.9358561985468183,-8.505262563670005,1.9824231089598152
0.553,0.33603500087929333,2.9470877892187235,-8.572406915546155,1.9806492956829376
0.554,0.3344861492541448,2.958285808425063,-8.639573940286262,1.9790112569065736
0.555,0.33297509395318814,2.969450582297487,-8.706764347513747,1.9775061732597057
0.556,0.33150086487227165,2.9805824406570602,-8.773978862142133,1.976131313801841
0.557,0.33006252340989384,2.9916817162897895,-8.841218222222913,1.974884033035699
0.558,0.3286591613374167,3.0027487442832403,-8.90848317696356,1.9737617680062227
0.559,0.32728989970714983,3.0137838614197405,-8.975774484903766,1.972762035486186
0.56,0.32595388779774803,3.024787405621948,-9.043092912238688,1.9718824292482782
0.561,0.3246503020962903,3.0357597154468334,-9.110439231278626,1.971120617423128
0.562,0.32337834531628445,3.0467011296244606,-9.177814219035465,1.970474339942429
0.563,0.3221372454508157,3.0576119866381553,-9.245218655926687,1.9699414060660208
0.564,0.32092625485996223,3.0684926243429094,-9.312653324588393,1.9695196919915774
0.565,0.3197446493916086,3.0793433796190817,-9.380119008789304,1.9692071385453516
0.566,0.31859172753468473,3.090164588058715,-9.447616492438556,1.969001748952272
0.567,0.3174668096039275,3.100956583681915,-9.515146558680115,1.9689015866835784
0.568,0.3163692369551562,3.11171969868096,-9.582709989067538,1.9689047733800487
0.569,0.31529837123014026,3.1224542631900114,-9.650307562813097,1.9690094868488406
0.57,0.31425359363004357,3.1331606050783662,-9.717940056105636,1.9692139591319142
0.571,0.3132343042165049,3.143839049765438,-9.785608241492053,1.9695164746439073
0.572,0.31223992123941074,3.154489920055725,-9.853312887317582,1.9699153683774258
0.573,0.3112698804903878,3.165113535992183,-9.921054757220439,1.9704090241735928
0.574,0.3103236346811179,3.1757102147265206,-9.988834609676664,1.9709958730557817
0.575,0.30940065284554885,3.18628027040507,-10.056653197591354,1.971674391624445
0.576,0.3085004197651205,3.1968240140689486,-10.12451126793265,1.9724431005109757
0.577,0.3076224354161443,3.207341753567373,-10.192409561405272,1.9733005628885647
0.578,0.30676621443849106,3.2178337934830297,-10.260348812160464,1.974245383038077
0.579,0.30593128562475785,3.2283004350685096,-10.328329747539511,1.9752762049669503
0.58,0.3051171914291376,3.238741976192895,-10.396353087848254,1.9763917110792697
0.581,0.30432348749521115,3.2491587112976266,-10.464419546160006,1.977590620895079
0.582,0.30354974220190556,3.259550931360894,-10.53252982814483,1.9788716898171672
0.583,0.3027955362269379,3.269918923869799,-10.600684631922867,1.9802337079435384
0.584,0.3020604621269962,3.280262972799631,-10.668884647939898,1.9816754989238634
0.585,0.30134412393403376,3.290583358599635,-10.737130558863285,1.9831959188582295
0.586,0.30064613676700097,3.3008803581846995,-10.805423039496626,1.984793855236609
0.587,0.29996612645841847,3.3111542449324416,-10.87376275671166,1.9864682259174677
0.588,0.299303729195162,3.3214052886851837,-10.942150369395778,1.9882179781440188
0.589,0.29865859117291316,3.3316337557564037,-11.01058652841413,1.9900420875966558
0.59,0.2980303682637044,3.341839908941209,-11.079071876584791,1.9919395574801868
0.591,0.2974187256960403,3.3520240075304852,-11.147607048666078,1.9939094176445025
0.592,0.2968233377470669,3.36218630732834,-11.216192671354872,1.9959507237373648
0.593,0.2962438874463194,3.37232706067253,-11.28482936329492,1.9980625563880958
0.594,0.295680066290566,3.3824465164575694,-11.353517735094353,2.000244020420932
0.595,0.2951315739692981,3.3925449201602538,-11.422258389351548,2.002494244096888
0.596,0.2945981181004441,3.402622513867317,-11.491051920688417,2.004812378383027
0.597,0.2940794139758694,3.4126795363050193,-11.55989891579065,2.007197596248046
0.598,0.29357518431630136,3.422716222870439,-11.628799953454132,2.0096490919831655
0.599,0.2930851590352584,3.4327328056642514,-11.697755604636841,2.0121660805473094
0.6,0.2926090750116527,3.4427295135248546,-11.766766432515908,2.014747796935651
0.601,0.29214667587069676,3.452706572063624,-11.835832992549044,2.017393495570586
0.602,0.2916977117727768,3.4626642037011894,-11.904955832540116,2.020102449714276
0.603,0.2912619392099966,3.4726026277045503,-11.974135492708179,2.0228739509019076
0.604,0.2908391208100504,3.482522060224945,-12.043372505759834,2.025707308394865
0.605,0.2904290251471695,3.4924227143363087,-12.112667396964255,2.028601848653049
0.606,0.29003142655980707,3.50230480007424,-12.182020684230743,2.03155691482558
0.607,0.2896461049748602,3.512168524475381,-12.251432878188467,2.034571866259193
0.608,0.28927284573811274,3.5220140916170926,-12.320904482267947,2.0376460780236263
0.609,0.2889114394506793,3.531841702657365,-12.390435992784212,2.0407789404533516
0.61,0.2885616818112021,3.541651555874881,-12.460027899021256,2.043969858705027
0.611,0.28822337346358956,3.5514438467091596,-12.529680683317618,2.047218252330049
0.612,0.2878963198500679,3.5612187678007072,-12.599394821152774,2.050523554861634
0.613,0.28758033106932096,3.570976509031162,-12.669170781234445,2.053885213415898
0.614,0.2872752217395619,3.5807172575633075,-12.73900902558618,2.0573026883063497
0.615,0.2869808108663046,3.590441197880971,-12.808910009635461,2.0607754526713404
0.616,0.2866969217146769,3.6001485118287424,-12.878874182302038,2.0643029921139497
0.617,0.2864233816860766,3.6098393786514684,-12.948901986086332,2.0678848043538434
0.618,0.28616002219904335,3.619513975033473,-13.018993857157655,2.071520398890655
0.619,0.2859066785741325,3.6291724751375334,-13.089150225442596,2.075209296678472
0.62,0.28566318992268097,3.6388150506434984,-13.159371514712847,2.0789510298109772
0.621,0.28542939903930264,3.648441870786601,-13.229658142672896,2.0827451412168925
0.622,0.2852051522979466,3.6580531023953804,-13.300010521047172,2.0865911843652993
0.623,0.28499029955144195,3.6676489099292477,-13.37042905566678,2.090488722980516
0.624,0.2847846940343356,3.677229455515636,-13.440914146555592,2.094437330766131
0.625,0.28458819226893023,3.686794898986741,-13.511466188015754,2.0984365911379004
0.626,0.2844006539744134,3.696345397915834,-13.58208556871249,2.1024860969651487
0.627,0.28422194197893,3.7058811076531364,-13.652772671758164,2.1065854503204005
0.628,0.2840519221345194,3.7154021813612452,-13.723527874795582,2.1107342622369027
0.629,0.2838904632348006,3.7249087700500936,-13.79435155008043,2.114932152473787
0.63,0.2837374369352873,3.734401022611463,-13.865244064562933,2.119178749288579
0.631,0.28359271767626815,3.7438790858530036,-13.93620577996851,2.123473689216796
0.632,0.2834561826081449,3.753343104531801,-14.007237052877636,2.1278166168583774
0.633,0.28332771151911806,3.762793221387455,-14.07833823480472,2.132207184670709
0.634,0.2832071867651691,3.7722295771746737,-14.149509672275977,2.136645052768003
0.635,0.2830944932022427,3.781652310695399,-14.220751706906416,2.141129888726811
0.636,0.2829895181205409,3.7910615588304357,-14.292064675475759,2.1456613673974543
0.637,0.28289215118085603,3.8004574565706113,-14.363448910003427,2.150239170721164
0.638,0.28280228435289567,3.809840137047446,-14.434904737822489,2.154862987552737
0.639,0.2827198118554927,3.8192097315633458,-14.506432481652556,2.1595325134885024
0.64,0.2826446300986421,3.8285663696213175,-14.578032459671755,2.1642474506994316
0.641,0.28257663762733365,3.837910178954205,-14.64970498558753,2.1690075077691966
0.642,0.2825157350670698,3.8472412855534692,-14.721450368706623,2.1738123995370366
0.643,0.2824618250710381,3.8565598136974697,-14.7932689140038,2.1786618469452264
0.644,0.28241481226887954,3.8658658859793107,-14.865160922189734,2.183555576891024
0.645,0.28237460321698343,3.8751596233342083,-14.937126689777774,2.1884933220829406
0.646,0.28234110635027493,3.884441145066407,-15.009166509149722,2.193474820901162
0.647,0.282314231935435,3.893710568875646,-15.081280668620614,2.1984998172620256
0.648,0.282293892025488,3.9029680108831704,-15.153469452502431,2.203568060486367
0.649,0.2822800004157443,3.9122135856573115,-15.225733141166927,2.208679305171656
0.65,0.2822724726010314,3.92144740623862,-15.298072011107301,2.2138333110677584
0.651,0.28227122573415914,3.9306695841645785,-15.370486334999075,2.219029842956223
0.652,0.28227617858559995,3.939880229493875,-15.44297638175982,2.224268670532978
0.653,0.28228725150434275,3.9490794508302693,-15.515542416608028,2.229549568294312
0.654,0.2823043663798553,3.9582673553460364,-15.588184701120975,2.2348723154260512
0.655,0.28232744660514797,3.9674440488050053,-15.660903493291672,2.2402366956958133
0.656,0.2823564170408924,3.976609635585196,-15.733699047584853,2.245642497348243
0.657,0.28239120398054507,3.9857642187010534,-15.806571614992038,2.25108951300314
0.658,0.2824317351164795,3.9949078998253036,-15.879521443085713,2.2565775395563796
0.659,0.282477939507041,4.004040779310405,-15.952548776072534,2.2621063780835318
0.66,0.2825297475445504,4.013162956209647,-16.025653854845764,2.2676758337461185
0.661,0.2825870909241982,4.022274528297855,-16.09883691703673,2.2732857157003816
0.662,0.28264990261376954,4.031375592091732,-16.172098197065388,2.278935837008528
0.663,0.2827181168242649,4.040466242869854,-16.24543792619018,2.2846260145523423
0.664,0.28279166898125435,4.049546574692293,-16.318856332556884,2.290356068949116
0.665,0.2828704956970976,4.058616680419902,-16.392353641246746,2.2961258244697946
0.666,0.2829545347438609,4.067676651733253,-16.46593007432373,2.3019351089593063
0.667,0.283043725026988,4.076726579151238,-16.539585850881004,2.3077837537589736
0.668,0.28313800655968274,4.085766552049349,-16.61332118708663,2.3136715936309673
0.669,0.28323732043800776,4.094796658677608,-16.6871362962284,2.319598466684726
0.67,0.2833416088166052,4.10381698617821,-16.761031388758024,2.325564214305289
0.671,0.2834508148850834,4.112827620602829,-16.835006672334504,2.3315686810834877
0.672,0.2835648828450469,4.121828646929614,-16.909062351866687,2.3376117147479163
0.673,0.2836837578877293,4.130820149079908,-16.98319862955525,2.34369316609867
0.674,0.2838073861721817,4.139802209934639,-17.05741570493383,2.3498128889427523
0.675,0.28393571480409274,4.148774911350437,-17.13171377490952,2.3559707400311387
0.676,0.2840686918150982,4.15773833417546,-17.20609303380259,2.3621665789974187
0.677,0.2842062661426845,4.166692558264935,-17.280553673385626,2.3684002682979917
0.678,0.2843483876105819,4.175637662496435,-17.35509588292195,2.37467167315376
0.679,0.2844950069096543,4.184573724784862,-17.42971984920333,2.380980661493273
0.68,0.28464607557932525,4.193500822097195,-17.50442575658714,2.387327103897296
0.681,0.28480154598942364,4.20241903046695,-17.57921378703281,2.3937108735447272
0.682,0.28496137132252763,4.211328425008393,-17.65408412013765,2.400131846159872
0.683,0.2851255055567535,4.220229079930507,-17.729036933172104,2.406589899960999
0.684,0.28529390344896294,4.229121068550711,-17.804072401114357,2.4130849156101504
0.685,0.2854665205184011,4.2380044633083225,-17.87919069668438,2.4196167761641725
0.686,0.2856433130307686,4.246879335777806,-17.95439199037735,2.4261853670269455
0.687,0.2858242379826307,4.25574575668177,-18.029676450496538,2.432790575902741
0.688,0.28600925308628417,4.2646037959037395,-18.10504424318561,2.4394322927507286
0.689,0.28619831675496293,4.273453522500717,-18.180495532460412,2.44611040974054
0.69,0.28639138808839043,4.2822950047154995,-18.256030480240124,2.452824821208911
0.691,0.28658842685873565,4.291128309988802,-18.331649246377992,2.4595754236173484
0.692,0.2867893934968638,4.299953504971162,-18.407351988691484,2.466362115510793
0.693,0.2869942490789612,4.308770655534623,-18.48313886299187,2.4731847974772467
0.694,0.2872029553134539,4.31757982678424,-18.559010023113448,2.4800433721083674
0.695,0.28741547452826144,4.326381083069363,-18.634965620942133,2.4869377439609512
0.696,0.2876317696583543,4.3351744879947365,-18.711005806443627,2.493867819519343
0.697,0.28785180423359824,4.343960104431398,-18.7871307276911,2.5008335071586867
0.698,0.2880755423669075,4.352737994527397,-18.863340530892398,2.5078347171090365
0.699,0.2883029487426607,4.361508219718324,-18.939635360416794,2.5148713614202935
0.7,0.2885339886054121,4.37027084073766,-19.016015358821306,2.5219433539279312
0.701,0.2887686277488455,4.379025917626942,-19.092480666876526,2.5290506102195134
0.702,0.289006832505005,4.38777350974576,-19.16903142359205,2.536193047601965
0.703,0.2892485697337714,4.396513675781588,-19.245667766241493,2.5433705850695767
0.704,0.28949380681259235,4.4052464737594255,-19.32238983038701,2.5505831432727346
0.705,0.28974251162643755,4.413971961051311,-19.399197749903554,2.5578306444873515
0.706,0.28999465255798906,4.422690194385626,-19.476091657002534,2.5651130125849733
0.707,0.2902501984780759,4.431401229856288,-19.553071682255254,2.5724301730035575
0.708,0.2905091187363006,4.440105122931751,-19.63013795461584,2.5797820527188833
0.709,0.29077138315190587,4.448801928463878,-19.707290601443848,2.5871685802166104
0.71,0.2910369620048242,4.4574917006966475,-19.78452974852649,2.594589685464937
0.711,0.29130582602696065,4.466174493274723,-19.861855520100477,2.6020452998878603
0.712,0.2915779463936415,4.474850359251879,-19.939268038873536,2.609535356339024
0.713,0.29185329471528615,4.483519351099268,-20.016767426045437,2.6170597890761145
0.714,0.2921318430292314,4.492181520713583,-20.094353801328943,2.6246185337358394
0.715,0.29241356379178285,4.500836919425046,-20.172027282970124,2.632211527309423
0.716,0.292698429870396,4.509485598005287,-20.249787987768507,2.6398387081186265
0.717,0.2929864145360669,4.51812760667509,-20.32763603109688,2.6475000157922945
0.718,0.29327749145586546,4.526762995112,-20.405571526920717,2.6551953912433848
0.719,0.2935716346856705,4.535391812457807,-20.4835945878173,2.6629247766465
0.72,0.29386881866301384,4.544014107325924,-20.561705324994616,2.670688115415882
0.721,0.2941690182001178,4.55262992780861,-20.63990384830981,2.678485352183874
0.722,0.2944722084770783,4.561239321484108,-20.71819026628744,2.6863164327798295
0.723,0.2947783650351807,4.56984233542364,-20.796564686137376,2.6941813042094704
0.724,0.29508746377038586,4.578439016198308,-20.87502721377249,2.7020799146346652
0.725,0.2953994809269244,4.587029409885863,-20.953577953825956,2.710012213353633
0.726,0.29571439309106373,4.595613562077382,-21.032217009668347,2.7179781507815415
0.727,0.29603217718498,4.6041915178838195,-21.11094448342443,2.7259776784315357
0.728,0.2963528104607813,4.612763321942472,-21.189760475989747,2.7340107488961216
0.729,0.29667627049463546,4.621329018423314,-21.26866508704678,2.7420773158289364
0.73,0.29700253518105374,4.629888651035253,-21.34765841508106,2.7501773339269135
0.731,0.29733158272725774,4.638442263032273,-21.426740557396855,2.758310758912777
0.732,0.29766339164770156,4.646989897219484,-21.505911610132735,2.7664775475179124
0.733,0.2979979407586845,4.655531595959069,-21.585171668276775,2.774677657465572
0.734,0.29833520917307677,4.664067401176141,-21.664520825681624,2.782911047454412
0.735,0.29867517629517576,4.6725973543645045,-21.743959175079215,2.7911776771423757
0.736,0.2990178218156479,4.6811214965923265,-21.82348680809541,2.79947750713088
0.737,0.2993631257065786,4.689639868507715,-21.903103815264245,2.8078104989493196
0.738,0.2997110682166388,4.698152510344215,-21.982810286042096,2.8161766150398884
0.739,0.3000616298663263,4.706659461926207,-22.062606308821454,2.824575818742677
0.74,0.30041479144332756,4.7151607626742305,-22.142491970944693,2.8330080742810946
0.741,0.3007705339979706,4.723656451610226,-22.222467358717488,2.841473346747543
0.742,0.30112883883874914,4.732146567362679,-22.302532557422012,2.8499716020893904
0.743,0.3014896875279605,4.740631148171698,-22.382687651330002,2.8585028070952094
0.744,0.30185306187743033,4.749110231894015,-22.462932723715642,2.8670669293812896
0.745,0.30221894394431065,4.7575838560078925,-22.543267856868113,2.8756639373783925
0.746,0.3025873160269576,4.766052057617971,-22.623693132104098,2.884293800318785
0.747,0.30295816066093906,4.774514873460031,-22.704208629780005,2.892956488223494
0.748,0.30333146061503796,4.782972339905689,-22.784814429304053,2.901651971889833
0.749,0.3037071988874188,4.79142449296701,-22.86551060914812,2.9103802228791373
0.75,0.30408535870181114,4.799871368301062,-22.946297246859498,2.9191412135047585
0.751,0.30446592350381313,4.8083130012143975,-23.027174419072374,2.9279349168202637
0.752,0.30484887695722496,4.816749426667455,-23.108142201519172,2.9367613066078695
0.753,0.3052342029404883,4.825180679278909,-23.189200669041764,2.9456203573670816
0.754,0.30562188554317393,4.833606793329949,-23.27034989560246,2.9545120443035713
0.755,0.3060119090625472,4.84202780276848,-23.351589954294848,2.9634363433182207
0.756,0.30640425800020815,4.850443741213286,-23.432920917354483,2.972393230996406
0.757,0.30679891705877255,4.8588546419581045,-23.514342856169385,2.9813826845974645
0.758,0.30719587113864305,4.867260537975655,-23.595855841290437,2.990404682044348
0.759,0.3075951053348301,4.875661461921605,-23.677459942441576,2.999459201913494
0.76,0.30799660493382613,4.884057446138468,-23.759155228529846,3.0085462234248403
0.761,0.3084003554105561,4.892448522659454,-23.840941767655316,3.01766572643206
0.762,0.30880634242538174,4.900834723212257,-23.922819627120816,3.0268176914129574
0.763,0.3092145518211422,4.909216079222788,-24.004788873441612,3.036002099460043
0.764,0.3096249696202925,4.917592621818848,-24.0868495723548,3.0452189322712617
0.765,0.3100375820220469,4.925964381833754,-24.169001788828727,3.0544681721409224
0.766,0.31045237539961706,4.934331389809909,-24.251245587072123,3.0637498019507583
0.767,0.3108693362974768,4.9426936760023095,-24.333581030543193,3.073063805161157
0.768,0.31128845142869266,4.951051270382024,-24.41600818195858,3.082410165802563
0.769,0.3117097076722868,4.959404202639591,-24.498527103302095,3.0917888684670065
0.77,0.3121330920706755,4.967752502188397,-24.581137855833475,3.101199898299804
0.771,0.31255859182712575,4.97609619816798,-24.663840500096867,3.1106432409913904
0.772,0.3129861943032786,4.984435319447304,-24.7466350959293,3.1201188827693045
0.773,0.3134158870167116,4.9927698946279735,-24.829521702468952,3.12962681039032
0.774,0.3138476576385509,5.001099952047404,-24.912500378163347,3.1391670111326913
0.775,0.31428149399111116,5.009425519781959,-24.995571180777468,3.1487394727885665
0.776,0.3147173840456088,5.017746625650017,-25.07873416740162,3.1583441836565056
0.777,0.31515531591987106,5.0260632972150185,-25.16198939445935,3.1679811325341385
0.778,0.3155952778761418,5.03437556178846,-25.245336917715157,3.177650308710965
0.779,0.3160372583188754,5.042683446432837,-25.32877679228204,3.1873517019612336
0.78,0.3164812457926153,5.05098697796456,-25.412309072629107,3.197085302537014
0.781,0.31692722897987247,5.0592861829568205,-25.49593381258893,3.20685110116131
0.782,0.3173751966990583,5.067581087742412,-25.579651065364807,3.2166490890213484
0.783,0.3178251379024701,5.075871718416533,-25.66346088353808,3.22647925776196
0.784,0.3182770416742811,5.084158100839506,-25.747363319075042,3.236341599479065
0.785,0.318730897228592,5.092440260639515,-25.83135842333411,3.246236106713286
0.786,0.31918669390750287,5.100718223215258,-25.915446247072623,3.256162772443654
0.787,0.3196444211792171,5.108992013738589,-25.999626840453686,3.266121590081439
0.788,0.3201040686362015,5.117261657157105,-26.08390025305283,3.2761125534640483
0.789,0.32056562599334526,5.125527178196717,-26.168266533864692,3.2861356568490807
0.79,0.321029083086178,5.133788601364164,-26.252725731309468,3.296190894908423
0.791,0.3214944298691032,5.142045950949512,-26.337277893239406,3.306278262722487
0.792,0.3219616564136717,5.150299251028596,-26.421923066945084,3.3163977557745143
0.793,0.3224307529068789,5.158548525465457,-26.50666129916174,3.326549369944999
0.794,0.3229017096494991,5.166793797914714,-26.591492636075383,3.33673310150618
0.795,0.32337451705443554,5.175035091823929,-26.676417123328914,3.346948947116641
0.796,0.3238491656451131,5.183272430435923,-26.761434806028088,3.357196903815981
0.797,0.32432564605388975,5.191505836791069,-26.84654572874746,3.367476969019594
0.798,0.32480394902049614,5.199735333729553,-26.931749935536278,3.377789140513519
0.799,0.325284065390506,5.207960943893599,-27.01704746992413,3.3881334164493686
0.8,0.32576598611383173,5.216182689729666,-27.1024383749267,3.3985097953393595
0.801,0.32624970224323613,5.224400593490623,-27.18792269305137,3.4089182760514
0.802,0.3267352049328844,5.2326146772378825,-27.273500466302774,3.419358857804278
0.803,0.32722248543690896,5.240824962843508,-27.359171736188152,3.4298315401629083
0.804,0.32771153510800644,5.249031471992305,-27.444936543722864,3.4403363230336677
0.805,0.3282023453960443,5.257234226183866,-27.530794929435608,3.450873206659798
0.806,0.3286949078467114,5.265433246734599,-27.616746933373697,3.4614421916168823
0.807,0.32918921410018054,5.273628554779729,-27.70279259510824,3.4720432788084072
0.808,0.32968525588977915,5.281820171275268,-27.7889319537392,3.4826764694613654
0.809,0.3301830250407134,5.290008116999966,-27.87516504790049,3.4933417651219565
0.81,0.3306825134687867,5.2981924125572215,-27.961491915764878,3.5040391676513445
0.811,0.3311837131791443,5.306373078376986,-28.047912595048924,3.514768679221473
0.812,0.3316866162650556,5.31455013471763,-28.13442712301781,3.5255303023109645
0.813,0.3321912149066904,5.322723601667788,-28.221035536490128,3.53632403970107
0.814,0.33269750136993537,5.330893499148181,-28.307737871842537,3.5471498944716777
0.815,0.33320546800522854,5.339059846913413,-28.3945341650145,3.558007869997403
0.816,0.3337151072463858,5.347222664553745,-28.48142445151279,3.56889796994372
0.817,0.3342264116094967,5.355381971496844,-28.56840876641607,3.5798201982631603
0.818,0.33473937369178447,5.363537787009514,-28.655487144379336,3.590774559191566
0.819,0.3352539861705229,5.371690130199393,-28.742659619638342,3.6017610572444108
0.82,0.3357702418019547,5.37983902001665,-28.829926226013963,3.612779697213164
0.821,0.33628813342022335,5.387984475255634,-28.917286996916474,3.62383048416172
0.822,0.33680765393633644,5.39612651455652,-29.004741965349794,3.634913423422875
0.823,0.3373287963371288,5.404265156406924,-29.092291163915704,3.646028520594859
0.824,0.3378515536842598,5.412400419143506,-29.17993462481793,3.657175781537929
0.825,0.3383759191132077,5.420532320953543,-29.267672379866298,3.668355212371
0.826,0.33890188583229824,5.428660879876491,-29.3555044604807,3.679566819468328
0.827,0.3394294471217332,5.436786113805513,-29.443430897695087,3.690810609456258
0.828,0.33995859633264963,5.444908040489012,-29.531451722161428,3.7020865892100066
0.829,0.340489326886172,5.453026677532118,-29.619566964153567,3.7133947658504884
0.83,0.3410216322725026,5.4611420423981665,-29.70777665357101,3.724735146741208
0.831,0.3415555060500123,5.469254152410169,-29.7960808199428,3.7361077394851776
0.832,0.34209094184435695,5.477363024752254,-29.884479492431204,3.7475125519219037
0.833,0.3426279333475836,5.485468676471077,-29.972972699835317,3.7589495921243916
0.834,0.34316647431728536,5.49357112447725,-30.061560470594884,3.770418868396206
0.835,0.3437065585757359,5.501670385546711,-30.150242832793722,3.7819203892685946
0.836,0.3442481800090572,5.509766476322102,-30.23901981416332,3.793454163497605
0.837,0.3447913325664028,5.517859413314132,-30.32789144208646,3.805020200061303
0.838,0.34533601025913546,5.525949212902899,-30.416857743600463,3.816618508156987
0.839,0.34588220716002827,5.534035891339223,-30.50591874540082,3.828249097198452
0.84,0.3464299174024885,5.542119464745949,-30.595074473844424,3.839911976813321
0.841,0.3469791351797684,5.550199949119226,-30.68432495495296,3.8516071568403687
0.842,0.347529854744212,5.558277360329795,-30.773670214416224,3.863334647326923
0.843,0.3480820704065013,5.566351714124236,-30.863110277595343,3.8750944585262928
0.844,0.34863577653491057,5.5744230261262055,-30.952645169525944,3.886886600895207
0.845,0.3491909675545853,5.582491311837675,-31.04227491492142,3.8987110850913367
0.846,0.34974763794681635,5.590556586640136,-31.131999538176025,3.9105679219708174
0.847,0.3503057822483392,5.598618865795794,-31.221819063367967,3.9224571225858194
0.848,0.35086539505063286,5.606678164448756,-31.311733514262436,3.934378698182143
0.849,0.3514264709992341,5.614734497626194,-31.401742914314696,3.946332660196867
0.85,0.35198900479306355,5.622787880239501,-31.491847286673007,3.9583190202560137
0.851,0.35255299118375993,5.630838327085431,-31.582046654181642,3.9703377901722514
0.852,0.3531184249750158,5.638885852847221,-31.672341039383703,3.9823889819426284
0.853,0.3536853010219437,5.64693047209571,-31.762730464524097,3.994472607746336
0.854,0.35425361423043444,5.654972199290431,-31.853214951552328,4.006588679942525
0.855,0.3548233595565178,5.663011048780699,-31.943794522125298,4.018737211068112
0.856,0.35539453200576987,5.67104703480669,-32.03446919761014,4.030918213835646
0.857,0.35596712663267105,5.67908017150049,-32.12523899908692,4.043131701131212
0.858,0.35654113854004044,5.687110472887153,-32.216103947351314,4.055377686012317
0.859,0.3571165628784105,5.695137952885729,-32.30706406291737,4.067656181705878
0.86,0.3576933948454756,5.703162625310291,-32.3981193660201,4.0799672016061574
0.861,0.35827162968549614,5.711184503870939,-32.489269876618046,4.092310759272785
0.862,0.3588512626887342,5.719203602174812,-32.58051561439604,4.104686868428804
0.863,0.3594322891909159,5.727219933727057,-32.67185659876754,4.117095542958691
0.864,0.360014704572642,5.7352335119318205,-32.763292848877285,4.129536796906466
0.865,0.3605985042588842,5.743244350093207,-32.85482438360379,4.142010644473803
0.866,0.36118368371844395,5.751252461416222,-32.94645122156172,4.154517100018144
0.867,0.36177023846339884,5.759257859007731,-33.03817338110445,4.167056178050887
0.868,0.3623581640486249,5.767260555877377,-33.129990880326346,4.179627893235551
0.869,0.3629474560712417,5.775260564938509,-33.22190373706527,4.192232260385998
0.87,0.3635381101701436,5.783257899009077,-33.3139119689048,4.204869294464655
0.871,0.3641301220254885,5.791252570812551,-33.40601559317669,4.217539010580783
0.872,0.36472348735819354,5.799244592978796,-33.498214626963076,4.230241423988757
0.873,0.36531820192948655,5.8072339780449465,-33.590509087098745,4.242976550086364
0.874,0.365914261540386,5.815220738456289,-33.682898990173456,4.255744404413125
0.875,0.36651166203127106,5.823204886567103,-33.77538435253406,4.268545002648666
0.876,0.36711039928139966,5.831186434641524,-33.86796519028679,4.281378360611058
0.877,0.36771046920844785,5.8391653948543745,-33.96064151929935,4.294244494255233
0.878,0.36831186776806113,5.847141779291992,-34.053413355203126,4.307143419671395
0.879,0.36891459095342655,5.855115599953049,-34.14628071339522,4.320075153083426
0.88,0.36951863479481784,5.863086868749368,-34.239243609040635,4.3330397108473875
0.881,0.3701239953591666,5.871055597506716,-34.332302057074315,4.346037109449959
0.882,0.37073066874963534,5.879021797965604,-34.42545607220316,4.359067365506945
0.883,0.3713386511052111,5.88698548178206,-34.518705668908105,4.372130495761793
0.884,0.3719479386002678,5.89494666052841,-34.61205086144606,4.385226517084118
0.885,0.37255852744417806,5.902905345694044,-34.705491663851944,4.398355446468267
0.886,0.3731704138809028,5.910861548686169,-34.79902808994061,4.411517301031885
0.887,0.37378359418859686,5.91881528083056,-34.892660153308796,4.424712098014492
0.888,0.3743980646792119,5.9267665533723015,-34.986387867337044,4.43793985477612
0.889,0.3750138216981005,5.934715377476509,-35.08021124519153,4.451200588795915
0.89,0.3756308616236701,5.942661764229071,-35.17413029982604,4.464494317670789
0.891,0.37624918086695736,5.950605724637352,-35.26814504398377,4.477821059114077
0.892,0.3768687758713086,5.958547269630898,-35.36225549019909,4.491180830954228
0.893,0.3774896431119629,5.966486410062144,-35.456461650799454,4.50457365113348
0.894,0.3781117790957355,5.974423156707106,-35.55076353790715,4.517999537706593
0.895,0.37873518036063714,5.982357520266057,-35.64516116344104,4.5314585088395445
0.896,0.37935984347551815,5.990289511364216,-35.73965453911836,4.544950582808328
0.897,0.37998576503973847,5.998219140552407,-35.834243676456424,4.558475777997653
0.898,0.3806129416828286,6.006146418307728,-35.928928586774305,4.572034112899752
0.899,0.38124137006411585,6.014071355034208,-36.02370928119463,4.585625606113178
0.9,0.38187104687243556,6.02199396106344,-36.11858577064508,4.599250276341582
0.901,0.382501968825788,6.029914246655244,-36.21355806586027,4.612908142392563
0.902,0.38313413267098767,6.03783222199828,-36.30862617738314,4.6265992231764805
0.903,0.3837675351833836,6.045747897210697,-36.403790115566835,4.640323537705333
0.904,0.38440217316652087,6.0536612823407285,-36.499049890576046,4.654081105091584
0.905,0.385038043451827,6.061572387367326,-36.59440551238881,4.667871944547072
0.906,0.38567514289832244,6.069481222200755,-36.689856990797935,4.681696075381889
0.907,0.3863134683922869,6.077387796683203,-36.785404335412636,4.6955535170032885
0.908,0.38695301684699573,6.085292120589367,-36.88104755566005,4.709444288914608
0.909,0.3875937852023938,6.093194203627044,-36.97678666078668,4.723368410714198
0.91,0.3882357704248254,6.101094055437714,-37.07262165986005,4.73732590209437
0.911,0.3888789695067293,6.1089916855971085,-37.168552561769985,4.751316782840343
0.912,0.38952337946636234,6.116887103615793,-37.264579375230305,4.765341072829247
0.913,0.39016899734752014,6.1247803189397105,-37.36070210878005,4.779398792029064
0.914,0.39081582021926314,6.132671340950763,-37.456920770785175,4.793489960497666
0.915,0.3914638451756266,6.1405601789673385,-37.5532353694397,4.807614598381784
0.916,0.39211306933537654,6.14844684224487,-37.64964591276731,4.821772725916065
0.917,0.39276348984171316,6.1563313399763775,-37.74615240862269,4.835964363422073
0.918,0.3934151038620388,6.164213681292989,-37.84275486469289,4.850189531307355
0.919,0.3940679085876681,6.172093875264484,-37.9394532884987,4.864448250064483
0.92,0.3947219012336032,6.179971930899804,-38.03624768739597,4.878740540270131
0.921,0.395377079038242,6.187847857147573,-38.133138068577004,4.893066422584145
0.922,0.39603343926317375,6.195721662896621,-38.23012443907185,4.907425917748626
0.923,0.3966909791928946,6.203593356976475,-38.327206805749626,4.9218190465870615
0.924,0.3973496961345737,6.211462948157859,-38.42438517531968,4.93624583000338
0.925,0.3980095874178299,6.2193304451532105,-38.52165955433312,4.950706288981132
0.926,0.3986706503944689,6.227195856617152,-38.61902994918389,4.965200444582578
0.927,0.3993328824382666,6.235059191146986,-38.71649636611006,4.979728317947854
0.928,0.39999628094473116,6.2429204572831685,-38.81405881119507,4.994289930294104
0.929,0.4006608433308751,6.250779663509793,-38.911717290369,5.00888530291466
0.93,0.4013265670349887,6.258636818255063,-39.00947180940977,5.023514457178211
0.931,0.40199344951641885,6.266491929891748,-39.107322373944285,5.038177414527968
0.932,0.4026614882553403,6.274345006737649,-39.205268989449664,5.05287419648087
0.933,0.4033306807525457,6.282196057056067,-39.30331166125448,5.067604824626789
0.934,0.40400102452924525,6.290045089056235,-39.401450394539786,5.082369320627713
0.935,0.4046725171268152,6.297892110893785,-39.499685194340415,5.097167706217001
0.936,0.40534515610663036,6.3057371306711705,-39.59801606554598,5.112000003198577
0.937,0.4060189390498324,6.3135801564381255,-39.69644301290211,5.126866233446183
0.938,0.40669386355713366,6.321421196192091,-39.79496604101161,5.141766418902639
0.939,0.4073699272486096,6.329260257878632,-39.893585154335355,5.156700581579058
0.94,0.4080471277635047,6.337097349391886,-39.99230035719363,5.171668743554156
0.941,0.4087254627600357,6.344932478574966,-40.09111165376706,5.186670926973475
0.942,0.4094049299151951,6.352765653220385,-40.19001904809776,5.201707154048709
0.943,0.4100855269245567,6.360596881070465,-40.28902254409033,5.216777447056943
0.944,0.4107672515020895,6.3684261698177504,-40.38812214551301,5.231881828340006
0.945,0.4114501013799609,6.376253527105409,-40.48731785599859,5.247020320303718
0.946,0.41213407430837484,6.384078960527633,-40.58660967904557,5.262192945417241
0.947,0.41281916805535446,6.391902477630035,-40.685997618019066,5.277399726212378
0.948,0.4135053804065911,6.399724085910041,-40.78548167615191,5.292640685282916
0.949,0.414192709165251,6.40754379281728,-40.885061856545605,5.307915845283944
0.95,0.41488115215179533,6.41536160575397,-40.98473816217136,5.323225228931212
0.951,0.415570707203819,6.423177532075293,-41.08451059587097,5.338568859000457
0.952,0.416261372175873,6.430991579089777,-41.18437916035788,5.353946758326788
0.953,0.4169531449392787,6.43880375405967,-41.28434385821814,5.369358949804033
0.954,0.41764602338198675,6.446614064201309,-41.384404691911335,5.38480545638412
0.955,0.41834000540838445,6.454422516685485,-41.4845616637715,5.400286301076439
0.956,0.4190350889391605,6.462229118637804,-41.58481477600809,5.415801506947236
0.957,0.41973127191110604,6.470033877139055,-41.68516403070691,5.431351097119026
0.958,0.42042855227698495,6.47783679922555,-41.78560942983099,5.446935094769952
0.959,0.42112692800536244,6.485637891889493,-41.88615097522155,5.4625535231332165
0.96,0.4218263970804556,6.493437162079316,-41.986788668598805,5.478206405496492
0.961,0.42252695750195546,6.501234616700033,-42.087522511562966,5.493893765201327
0.962,0.4232286072849129,6.509030262613578,-42.188352505595056,5.509615625642588
0.963,0.42393134445954966,6.51682410663914,-42.28927865205774,5.525372010267874
0.964,0.42463516707113325,6.524616155553505,-42.39030095219627,5.541162942576955
0.965,0.4253400731798151,6.532406416091387,-42.491419407139304,5.556988446121239
0.966,0.42604606086050234,6.540194894945756,-42.592634017899776,5.572848544503191
0.967,0.4267531282026772,6.547981598768156,-42.693944785375606,5.588743261375795
0.968,0.4274612733103118,6.555766534169048,-42.79535171035077,5.604672620442037
0.969,0.4281704943016598,6.563549707718104,-42.896854793495876,5.620636645454342
0.97,0.42888078930917334,6.5713311259445435,-42.99845403536912,5.636635360214072
0.971,0.429592156479337,6.579110795337442,-43.1001494364171,5.652668788570989
0.972,0.43030459397253695,6.586888722346033,-43.20194099697549,5.668736954422744
0.973,0.43101809996291723,6.594664913380025,-43.30382871726993,5.684839881714366
0.974,0.4317326726382788,6.602439374809908,-43.40581259741686,5.70097759443776
0.975,0.43244831019990065,6.610212112967244,-43.507892637424135,5.717150116631207
0.976,0.43316501086245235,6.617983134144978,-43.61006883719192,5.733357472378865
0.977,0.4338827728538374,6.625752444597724,-43.712341196513385,5.749599685810284
0.978,0.43460159441507845,6.633520050542071,-43.81470971507555,5.765876781099929
0.979,0.4353214738001864,6.641285958156856,-43.91717439245987,5.7821887824666796
0.98,0.43604240927605115,6.649050173583474,-44.019735228143155,5.798535714173388
0.981,0.4367643991222962,6.65681270292614,-44.12239222149816,5.814917600526392
0.982,0.43748744163116204,6.664573552252189,-44.22514537179438,5.8313344658750355
0.983,0.4382115351074073,6.67233272759235,-44.32799467819878,5.847786334611254
0.984,0.43893667786815665,6.68009023494102,-44.430940139776446,5.864273231169071
0.985,0.43966286824281947,6.6878460802565485,-44.533981755491375,5.880795180024197
0.986,0.44039010457294353,6.695600269461492,-44.63711952420704,5.897352205693542
0.987,0.4411183852121102,6.703352808442907,-44.74035344468727,5.913944332734808
0.988,0.44184770852583016,6.711103703052595,-44.84368351559672,5.930571585746023
0.989,0.44257807289141937,6.718852959107381,-44.947109735501726,5.947233989365146
0.99,0.4433094766978964,6.726600582389375,-45.05063210287093,5.9639315682696195
0.991,0.44404191834586354,6.734346578646226,-45.15425061607586,5.980664347175946
0.992,0.4447753962474012,6.74209095359138,-45.2579652733917,5.99743235083927
0.993,0.44550990882597463,6.749833712904345,-45.36177607299793,6.014235604053001
0.994,0.4462454545163012,6.757574862230927,-45.46568301297887,6.031074131648338
0.995,0.44698203176427037,6.765314407183496,-45.569686091324456,6.04794795849392
0.996,0.4477196390268243,6.773052353341223,-45.67378530593077,6.064857109495406
0.997,0.44845827477186284,6.780788706250341,-45.77798065460081,6.081801609595082
0.998,0.44919793747813735,6.788523471424364,-45.882272135044886,6.098781483771455
0.999,0.449938625635153,6.796256654344355,-45.986659744881486,6.115796757038892
1.0,0.45068033774307137,6.8039882604591515,-46.09114348163775,6.132847454447214
1.001,0.45142307231260614,6.811718295185599,-46.19572334275004,6.149933601081316
1.002,0.45216682786493073,6.819446763908797,-46.30039932556472,6.16705522206081
1.003,0.452911602931583,6.82717367198232,-46.405171427338495,6.1842123425396105
1.004,0.4536573960543661,6.834899024728468,-46.51003964523933,6.2014049877056365
1.005,0.45440420578524643,6.8426228274384675,-46.61500397634668,6.218633182780364
1.006,0.45515203068629473,6.85034508537272,-46.720064417652324,6.235896953018527
1.007,0.45590086932954194,6.858065803761018,-46.825220966060826,6.253196323707717
1.008,0.4566507202969372,6.865784987802771,-46.93047361839019,6.270531320168069
1.009,0.45740158218022425,6.873502642667223,-47.035822371372326,6.287901967751878
1.01,0.4581534535808691,6.881218773493669,-47.14126722165363,6.305308291843264
1.011,0.4589063331099647,6.88893338539168,-47.246808165795635,6.322750317857829
1.012,0.4596602193881481,6.89664648344131,-47.352445200275426,6.340228071242311
1.013,0.4604151110455218,6.904358072693314,-47.458178321486265,6.3577415774742585
1.014,0.4611710067215365,6.912068158169355,-47.56400752573814,6.375290862061685
1.015,0.4619279050649525,6.919776744862215,-47.66993280925821,6.3928759505427335
1.016,0.462685804733716,6.927483837736005,-47.775954168191475,6.410496868485383
1.017,0.4634447043949053,6.935189441726365,-47.88207159860118,6.428153641487072
1.018,0.46420460272462766,6.942893561740673,-47.98828509646936,6.445846295174428
1.019,0.4649654984079589,6.950596202658245,-48.09459465769744,6.463574855202916
1.02,0.4657273901388411,6.95829736933053,-48.20100027810663,6.481339347256539
1.021,0.46649027662002296,6.965997066581316,-48.30750195343848,6.499139797047525
1.022,0.4672541565629586,6.973695299206928,-48.414099679355445,6.516976230316019
1.023,0.4680190286877679,6.981392071976411,-48.52079345144125,6.534848672829768
1.024,0.468784891723117,6.989087389631736,-48.62758326520151,6.552757150383835
1.025,0.46955174440616815,6.996781256887987,-48.734469116064155,6.570701688800285
1.026,0.4703195854824993,7.004473678433544,-48.841450999379916,6.588682313927899
1.027,0.4710884137060281,7.012164658930289,-48.94852891042288,6.60669905164188
1.028,0.47185822783893594,7.019854203013769,-49.05570284439078,6.624751927843542
1.029,0.4726290266515969,7.027542315293404,-49.16297279640575,6.6428409684600584
1.03,0.473400808922514,7.035229000352652,-49.27033876151448,6.660966199444137
1.031,0.47417357343822975,7.042914262749202,-49.37780073468895,6.679127646773776
1.032,0.474947318993286,7.050598107015153,-49.485358710826745,6.697325336451957
1.033,0.4757220443901093,7.058280537657186,-49.59301268475151,6.715559294506361
1.034,0.4764977484389787,7.06596155915675,-49.70076265121347,6.733829546989132
1.035,0.47727442995795316,7.073641175970234,-49.80860860488986,6.7521361199765755
1.036,0.4780520877727842,7.081319392529134,-49.91655054038527,6.770479039568877
1.037,0.47883072071686633,7.088996213240245,-50.024588452232294,6.788858331889887
1.038,0.47961032763116196,7.096671642485806,-50.13272233489171,6.807274023086793
1.039,0.48039090736415213,7.104345684623695,-50.24095218275317,6.825726139329916
1.04,0.4811724587717366,7.11201834398758,-50.34927799013539,6.84421470681239
1.041,0.48195498071721105,7.1196896248870924,-50.45769975128678,6.862739751749972
1.042,0.4827384720711755,7.127359531607995,-50.56621746038573,6.88130130038074
1.043,0.4835229317114789,7.135028068412339,-50.67483111154105,6.899899378964843
1.044,0.4843083585231614,7.142695239538634,-50.78354069879247,6.918534013784289
1.045,0.4850947513983852,7.15036104920201,-50.89234621611101,6.93720523114266
1.046,0.48588210923637715,7.158025501594365,-51.00124765739927,6.955913057364881
1.047,0.4866704309433718,7.165688600884536,-51.11024501649197,6.974657518796966
1.048,0.487459715432547,7.173350351218457,-51.219338287156376,6.993438641805804
1.049,0.4882499616239604,7.181010756719305,-51.32852746309256,7.012256452778897
1.05,0.4890411684445005,7.188669821487666,-51.43781253793395,7.031110978124126
1.051,0.4898333348278274,7.196327549601678,-51.54719350524754,7.050002244269532
1.052,0.4906264597143027,7.203983945117191,-51.656670358534456,7.0689302776630685
1.053,0.491420542050949,7.211639012067913,-51.76624309123022,7.08789510477238
1.054,0.49221558079138056,7.2192927544655685,-51.87591169670525,7.106896752084568
1.055,0.4930115748957599,7.2269451763000285,-51.98567616826505,7.12593524610598
1.056,0.4938085233307292,7.23459628153948,-52.095536499150796,7.1450106133619755
1.057,0.4946064250693634,7.242246074130555,-52.205492682539536,7.164122880396692
1.058,0.4954052790911173,7.249894557998484,-52.31554471154468,7.183272073772855
1.059,0.4962050843817719,7.2575417370472355,-52.42569257921629,7.202458220071537
1.06,0.4970058399333745,7.265187615159666,-52.53593627854153,7.221681345891958
1.061,0.49780754474419003,7.272832196197646,-52.64627580244484,7.240941477851259
1.062,0.49861019781864846,7.280475484002216,-52.75671114378855,7.260238642584301
1.063,0.49941379816729675,7.288117482393715,-52.86724229537302,7.279572866743437
1.064,0.5002183448067505,7.295758195171927,-52.97786924993713,7.298944176998342
1.065,0.5010238367596251,7.3033976261162055,-53.088592000158485,7.318352600035766
1.066,0.501830273054513,7.311035778985624,-53.19941053865396,7.337798162559362
1.067,0.5026376527259151,7.3186726575190955,-53.3103248579798,7.357280891289451
1.068,0.5034459748141873,7.32630826543552,-53.4213349506322,7.376800812962858
1.069,0.5042552383655144,7.333942606433903,-53.53244080904745,7.396357954332688
1.07,0.5050654424318431,7.3415756841935025,-53.643642425602415,7.415952342168152
1.071,0.5058765860708428,7.349207502373938,-53.75493979261469,7.43558400325433
1.072,0.5066886683458529,7.356838064615346,-53.866332902343174,7.455252964392035
1.073,0.5075016883258334,7.3644673745384805,-53.97782174698813,7.474959252397577
1.074,0.5083156450853346,7.3720954357448605,-54.089406318691694,7.494702894102584
1.075,0.509130537704437,7.379722251816894,-54.20108660953819,7.514483916353841
1.076,0.5099463652687038,7.387347826317983,-54.312862611554266,7.534302346013058
1.077,0.5107631268691577,7.394972162792678,-54.424734316709454,7.554158209956722
1.078,0.5115808216022009,7.402595264766774,-54.53670171691627,7.574051535075891
1.079,0.5123994485696033,7.410217135747452,-54.64876480403073,7.593982348276036
1.08,0.5132190068784414,7.4178377792233885,-54.76092356985247,7.613950676476833
1.081,0.5140394956410616,7.425457198664876,-54.87317800612511,7.633956546612002
1.082,0.5148609139750406,7.433075397523952,-54.98552810453665,7.653999985629138
1.083,0.5156832610031256,7.440692379234507,-55.097973856719655,7.674081020489508
1.084,0.516506535853215,7.448308147212403,-55.21051525425157,7.694199678167905
1.085,0.5173307376583033,7.455922704855595,-55.32315228865509,7.714355985652468
1.086,0.5181558655564416,7.463536055544242,-55.43588495139836,7.734549969944497
1.087,0.5189819186907061,7.471148202640822,-55.54871323389529,7.754781658058295
1.088,0.5198088962091363,7.4787591494902514,-55.66163712750599,7.775051077021019
1.089,0.5206367972647207,7.486368899419988,-55.77465662353677,7.795358253872476
1.09,0.5214656210153383,7.493977455740147,-55.88777171324065,7.815703215664977
1.091,0.5222953666237319,7.501584821743617,-56.0009823878176,7.836085989463195
1.092,0.5231260332574499,7.50919100070616,-56.114288638414706,7.856506602343946
1.093,0.5239576200888432,7.516795995886532,-56.22769045612663,7.876965081396099
1.094,0.5247901262949811,7.524399810526582,-56.341187831995754,7.897461453720366
1.095,0.5256235510576519,7.532002447851361,-56.454780757012436,7.917995746429148
1.096,0.5264578935633094,7.539603911069237,-56.568469222115425,7.938567986646414
1.097,0.5272931530030334,7.547204203371989,-56.68225321819194,7.959178201507503
1.098,0.528129328572494,7.554803327934922,-56.796132736078135,7.979826418159002
1.099,0.528966419471922,7.562401287916963,-56.91010776655919,8.000512663758572
1.1,0.5298044249060708,7.56999808646077,-57.02417830036966,8.02123696547481
1.101,0.5306433440841736,7.5775937266928315,-57.13834432819371,8.041999350487078
1.102,0.531483176219915,7.585188211723572,-57.252605840665424,8.062799845985401
1.103,0.5323239205313904,7.59278154464745,-57.366962828369005,8.083638479170258
1.104,0.5331655762410834,7.600373728543058,-57.48141528183902,8.104515277252483
1.105,0.5340081425758086,7.607964766473221,-57.595963191560664,8.1254302674531
1.106,0.5348516187666972,7.615554661485103,-57.71060654797012,8.146383477003178
1.107,0.5356960040491662,7.623143416610292,-57.82534534145459,8.167374933143698
1.108,0.5365412976628612,7.630731034864911,-57.94017956235276,8.188404663125407
1.109,0.5373874988516492,7.638317519249701,-58.05510920095487,8.20947269420866
1.11,0.5382346068635655,7.645902872750127,-58.17013424750307,8.230579053663327
1.111,0.5390826209507933,7.6534870983364724,-58.285254692191664,8.2517237687686
1.112,0.5399315403696272,7.661070198963925,-58.400470525167236,8.272906866812896
1.113,0.5407813643804509,7.66865217757268,-58.515781736529014,8.294128375093708
1.114,0.5416320922476768,7.676233037088024,-58.63118831632903,8.31538832091745
1.115,0.5424837232397545,7.683812780420436,-58.74669025457237,8.336686731599372
1.116,0.5433362566291072,7.691391410465677,-58.86228754121746,8.358023634463379
1.117,0.5441896916921176,7.698968930104871,-58.977980166176174,8.379399056841926
1.118,0.5450440277090945,7.706545342204606,-59.09376811931416,8.400813026075877
1.119,0.5458992639642288,7.7141206496170245,-59.20965139045111,8.422265569514384
1.12,0.546755399745594,7.721694855179904,-59.32562996936084,8.443756714514757
1.121,0.5476124343450824,7.729267961716748,-59.44170384577162,8.465286488442334
1.122,0.5484703670584031,7.736839972036873,-59.55787300936633,8.48685491867035
1.123,0.5493291971850249,7.744410888935498,-59.67413744978277,8.508462032579816
1.124,0.5501889240281809,7.751980715193834,-59.79049715661381,8.530107857559418
1.125,0.5510495468948118,7.7595494535791545,-59.90695211940758,8.551792421005342
1.126,0.5519110650955454,7.7671171068449,-60.023502327667785,8.573515750321215
1.127,0.552773477944679,7.774683677730748,-60.14014777085386,8.595277872917931
1.128,0.5536367847601389,7.7822491689627,-60.2568884383811,8.61707881621355
1.129,0.5545009848634542,7.789813583253167,-60.373724319621004,8.63891860763319
1.13,0.5553660775797366,7.797376923301051,-60.49065540390145,8.660797274608901
1.131,0.5562320622376433,7.804939191791822,-60.60768168050683,8.682714844579541
1.132,0.5570989381693614,7.812500391397611,-60.724803138678396,8.704671344990667
1.133,0.5579667047105714,7.820060524777276,-60.84201976761427,8.726666803294425
1.134,0.5588353612004279,7.827619594576488,-60.95933155646977,8.748701246949414
1.135,0.5597049069815264,7.835177603427818,-61.07673849435768,8.770774703420605
1.136,0.5605753413998791,7.8427345539508,-61.194240570348256,8.79288720017919
1.137,0.5614466638048943,7.850290448752025,-61.31183777346962,8.815038764702509
1.138,0.5623188735493482,7.857845290425207,-61.429530092707786,8.837229424473914
1.139,0.5631919699893567,7.8653990815512635,-61.547317517006974,8.859459206982672
1.14,0.5640659524843531,7.872951824698398,-61.66520003526975,8.881728139723833
1.141,0.5649408203970601,7.880503522422169,-61.78317763635731,8.90403625019817
1.142,0.5658165730934677,7.888054177265559,-61.901250309089406,8.926383565911996
1.143,0.566693209942809,7.895603791759069,-62.019418042244915,8.948770114377139
1.144,0.5675707303175419,7.903152368420781,-62.13768082456182,8.9711959231108
1.145,0.5684491335933114,7.910699909756421,-62.25603864473725,8.993661019635423
1.146,0.5693284191489294,7.91824641825945,-62.374491491427996,9.016165431478635
1.147,0.5702085863663623,7.925791896411132,-62.493039353250445,9.038709186173111
1.148,0.571089634630695,7.933336346680599,-62.61168221878086,9.06129231125649
1.149,0.5719715633301191,7.940879771524929,-62.73042007655552,9.083914834271267
1.15,0.5728543718558969,7.948422173389221,-62.849252915071006,9.106576782764705
1.151,0.5737380596023445,7.955963554706646,-62.96818072278415,9.129278184288687
1.152,0.57462262596681,7.963503917898549,-63.08720348811255,9.152019066399692
1.153,0.5755080703496583,7.971043265374489,-63.20632119943442,9.17479945665864
1.154,0.576394392154237,7.9785815995323235,-63.32553384508891,9.1976193826308
1.155,0.5772815907868543,7.986118922758272,-63.44484141337634,9.220478871885721
1.156,0.5781696656567614,7.993655237426986,-63.56424389255824,9.24337795199711
1.157,0.5790586161761369,8.001190545901615,-63.68374127085757,9.26631665054274
1.158,0.5799484417600571,8.008724850533882,-63.80333353645904,9.289294995104374
1.159,0.5808391418264829,8.01625815366413,-63.92302067750894,9.31231301326765
1.16,0.5817307157962253,8.023790457621415,-64.04280268211568,9.335370732621985
1.161,0.5826231630929197,8.03132176472354,-64.16267953834965,9.35846818076051
1.162,0.5835164831430472,8.03885207727716,-64.28265123424367,9.381605385279949
1.163,0.5844106753758714,8.046381397577804,-64.40271775779286,9.404782373780538
1.164,0.5853057392234124,8.053909727909977,-64.52287909695508,9.427999173865944
1.165,0.5862016741204689,8.06143707054719,-64.6431352396508,9.451255813143145
1.166,0.587098479504564,8.068963427752053,-64.76348617376358,9.474552319222397
1.167,0.5879961548159505,8.076488801776323,-64.88393188714,9.49788871971708
1.168,0.5888946994975442,8.084013194860963,-65.00447236758986,9.52126504224365
1.169,0.5897941129949664,8.091536609236213,-65.12510760288636,9.544681314421538
1.17,0.5906943947564827,8.099059047121655,-65.2458375807664,9.568137563873092
1.171,0.5915955442329973,8.106580510726252,-65.36666228893036,9.591633818223427
1.172,0.5924975608780355,8.114101002248438,-65.48758171504268,9.615170105100406
1.173,0.5934004441477069,8.12162052387616,-65.60859584673177,9.638746452134537
1.174,0.5943041935007303,8.129139077786943,-65.72970467159021,9.662362886958851
1.175,0.5952088083983499,8.136656666147948,-65.85090817717484,9.686019437208865
1.176,0.5961142883043896,8.14417329111603,-65.97220635100706,9.709716130522489
1.177,0.5970206326851639,8.151688954837802,-66.09359918057284,9.733452994539926
1.178,0.597927841009532,8.159203659449696,-66.21508665332301,9.75723005690361
1.179,0.5988359127487972,8.166717407078002,-66.33666875667315,9.781047345258106
1.18,0.5997448473767732,8.174230199838945,-66.45834547800406,9.804904887250053
1.181,0.6006546443697077,8.181742039838737,-66.58011680466161,9.828802710528063
1.182,0.6015653032062889,8.189252929173628,-66.70198272395719,9.85274084274265
1.183,0.6024768233676228,8.196762869929975,-66.82394322316755,9.876719311546163
1.184,0.6033892043372169,8.204271864184275,-66.94599828953501,9.90073814459267
1.185,0.604302445600957,8.211779914003248,-67.06814791026791,9.92479736953795
1.186,0.6052165466471093,8.219287021443874,-67.19039207254026,9.948897014039337
1.187,0.6061315069662793,8.22679318855345,-67.31273076349223,9.973037105755688
1.188,0.6070473260514196,8.23429841736965,-67.43516397023014,9.997217672347306
1.189,0.6079640033977728,8.241802709920576,-67.5576916798267,10.021438741475857
1.19,0.6088815385029133,8.249306068224811,-67.68031387932102,10.045700340804286
1.191,0.609799930866685,8.256808494291473,-67.8030305557188,10.07000249799677
1.192,0.6107191799911968,8.26430999012027,-67.92584169599257,10.094345240718615
1.193,0.6116392853808184,8.271810557701546,-68.04874728708158,10.118728596636188
1.194,0.6125602465421529,8.279310199016338,-68.17174731589216,10.143152593416854
1.195,0.6134820629840269,8.286808916036433,-68.29484176929779,10.167617258728937
1.196,0.6144047342174692,8.294306710724408,-68.41803063413911,10.192122620241562
1.197,0.6153282597556897,8.301803585033692,-68.54131389722431,10.216668705624665
1.198,0.6162526391140922,8.309299540908603,-68.66469154532885,10.241255542548869
1.199,0.6171778718102253,8.316794580284421,-68.78816356519613,10.265883158685465
1.2,0.6181039573637782,8.324288705087406,-68.91172994353701,10.290551581706282
